BT170FZ,Belfast West
BT170GE,Belfast West
BT170GG,Belfast West
BT170GJ,Belfast West
BT170GR,Belfast West
BT170GT,Belfast West
BT170GU,Belfast West
BT170GX,Belfast West
BT170GY,Belfast West
BT170GZ,Belfast West
BT170LA,Lagan Valley
BT170NT,Belfast West
BT170TA,Belfast West
BT170TB,Belfast West
BT170TD,Belfast West
BT170TE,Belfast West
BT170TF,Belfast West
BT170TG,Belfast West
BT170TH,Belfast West
BT170TJ,Belfast West
BT170TQ,Belfast West
BT170UL,Belfast West
BT170UZ,Belfast West
BT170WN,Belfast West
BT170WP,Belfast West
BT170WQ,Belfast West
BT170XA,Belfast West
BT170XD,Belfast West
BT170XE,Belfast West
BT170XF,Belfast West
BT170XG,Belfast West
BT170XH,Belfast West
BT170XJ,Belfast West
BT170XL,Belfast West
BT170XN,Belfast West
BT170XQ,Belfast West
BT179BP,Lagan Valley
BT179DA,Lagan Valley
BT179DB,Lagan Valley
BT179DD,Lagan Valley
BT179DR,Lagan Valley
BT179DS,Lagan Valley
BT179DT,Lagan Valley
BT179DU,Lagan Valley
BT179DY,Lagan Valley
BT179DZ,Lagan Valley
BT179ED,Lagan Valley
BT179EE,Lagan Valley
BT179EF,Lagan Valley
BT179EJ,Lagan Valley
BT179EN,Lagan Valley
BT179EP,Lagan Valley
BT179ET,Lagan Valley
BT179EU,Lagan Valley
BT179EW,Lagan Valley
BT179EX,Lagan Valley
BT179EY,Lagan Valley
BT179HA,Lagan Valley
BT179HB,Lagan Valley
BT179HD,Lagan Valley
BT179HE,Lagan Valley
BT179HF,Lagan Valley
BT179HG,Lagan Valley
BT179HH,Lagan Valley
BT179HL,Lagan Valley
BT179HN,Lagan Valley
BT179HP,Lagan Valley
BT179HQ,Lagan Valley
BT179HR,Lagan Valley
BT179HS,Lagan Valley
BT179HT,Lagan Valley
BT179HU,Lagan Valley
BT179JD,Lagan Valley
BT179JL,Lagan Valley
BT179NN,Lagan Valley
BT179NQ,Lagan Valley
BT179PA,Lagan Valley
BT179RB,Lagan Valley
BT179RJ,Lagan Valley
BT179RL,Lagan Valley
BT179RN,Lagan Valley
BT274DX,Lagan Valley
BT274DY,Lagan Valley
BT274DZ,Lagan Valley
BT274EA,Lagan Valley
BT274EB,Lagan Valley
BT274QJ,Lagan Valley
BT274QL,Lagan Valley
BT274QN,Lagan Valley
BT283FP,Lagan Valley
BT283HL,Lagan Valley
BT283PA,Lagan Valley
BT283RS,Lagan Valley
BT283RU,Lagan Valley
BT283RY,Lagan Valley
BT283RZ,Lagan Valley
BT283SH,Lagan Valley
BT283SQ,Lagan Valley
BT283TN,Lagan Valley
BT283TP,Lagan Valley
BT283TQ,Lagan Valley
BT283TR,Lagan Valley
BT283TS,Lagan Valley
BT283TT,Lagan Valley
BT283TU,Lagan Valley
BT283TX,Lagan Valley
BT283TY,Lagan Valley
BT283TZ,Lagan Valley
BT283UA,Lagan Valley
BT283UB,Lagan Valley
BT283WJ,Lagan Valley
BT170FS,Belfast West
BT179DX,Lagan Valley
BT179FE,Lagan Valley
BT179GX,Lagan Valley
BT179GY,Lagan Valley
BT179GZ,Lagan Valley
BT179HY,Lagan Valley
BT179JE,Lagan Valley
BT283WL,Lagan Valley
BT283WN,Lagan Valley
BT283WQ,Lagan Valley
